Workbook

Sheet CUSTOMERS
A1: Customer_ID | B1: First_Name | C1: Last_Name | D1: Email
A2: 1 | B2: George | C2: Gonzalez | D2: george.gonzalez1@gmail.com
A3: 2 | B3: Quinn | C3: Martin | D3: quinn.martin2@bgu.net
A4: 3 | B4: Quinn | C4: Moore | D4: quinn.moore3@outlook.org
A5: 4 | B5: Charlie | C5: Garcia | D5: charlie.garcia4@gmail.com
A6: 5 | B6: Hannah | C6: Thomas | D6: hannah.thomas5@hotmail.com
A7: 6 | B7: Laura | C7: Taylor | D7: laura.taylor6@bgu.net
A8: 7 | B8: Julia | C8: Davis | D8: julia.davis7@gmail.com
A9: 8 | B9: Steve | C9: Davis | D9: steve.davis8@bgu.net
A10: 9 | B10: Michael | C10: Moore | D10: michael.moore9@gmail.com
A11: 10 | B11: Michael | C11: Taylor | D11: michael.taylor10@hotmail.com
A12: 11 | B12: Ethan | C12: Wilson | D12: ethan.wilson11@bgu.net
A13: 12 | B13: Charlie | C13: Wilson | D13: charlie.wilson12@gmail.com
... A251: 250 | B251: Nina | C251: Anderson | D251: nina.anderson250@outlook.org

Sheet CREDIT_CARDS
A1: Card_Number | B1: Expiration_Date | C1: CCV | D1: Name_On_Card | E1: Customer_ID
A2: 2720-0475-9030-3034 | B2: 45962 | C2: 509 | D2: =CUSTOMERS!B2&" "&CUSTOMERS!C2 -> George Gonzalez | E2: 1
A3: 5255-5661-7425-6777 | B3: 46692 | C3: 626 | D3: =CUSTOMERS!B3&" "&CUSTOMERS!C3 -> Quinn Martin | E3: 2
A4: 5113-8721-5441-1024 | B4: 46266 | C4: 989 | D4: =CUSTOMERS!B4&" "&CUSTOMERS!C4 -> Quinn Moore | E4: 3
A5: 2720-3096-9040-0965 | B5: 46357 | C5: 947 | D5: =CUSTOMERS!B5&" "&CUSTOMERS!C5 -> Charlie Garcia | E5: 4
A6: 2484-0564-3023-3190 | B6: 46631 | C6: 793 | D6: =CUSTOMERS!B6&" "&CUSTOMERS!C6 -> Hannah Thomas | E6: 5
A7: 5525-3953-4829-5246 | B7: 46539 | C7: 175 | D7: =CUSTOMERS!B7&" "&CUSTOMERS!C7 -> Laura Taylor | E7: 6
A8: 2690-5581-2914-3564 | B8: 46600 | C8: 966 | D8: =CUSTOMERS!B8&" "&CUSTOMERS!C8 -> Julia Davis | E8: 7
A9: 5371-5229-0768-4925 | B9: 46508 | C9: 198 | D9: =CUSTOMERS!B9&" "&CUSTOMERS!C9 -> Steve Davis | E9: 8
A10: 2343-4947-4242-5348 | B10: 46569 | C10: 912 | D10: =CUSTOMERS!B10&" "&CUSTOMERS!C10 -> Michael Moore | E10: 9
A11: 2511-2235-0417-1188 | B11: 45901 | C11: 278 | D11: =CUSTOMERS!B11&" "&CUSTOMERS!C11 -> Michael Taylor | E11: 10
A12: 2669-0481-5683-5123 | B12: 45839 | C12: 864 | D12: =CUSTOMERS!B12&" "&CUSTOMERS!C12 -> Ethan Wilson | E12: 11
A13: 2720-8776-6417-6423 | B13: 46692 | C13: 999 | D13: =CUSTOMERS!B13&" "&CUSTOMERS!C13 -> Charlie Wilson | E13: 12
... A251: 2381-7357-6347-1220 | B251: 45839 | C251: 662 | D251: =CUSTOMERS!B251&" "&CUSTOMERS!C251 -> Nina Anderson | E251: 250

Sheet SEARCHES
A1: DT | B1: IP_Address | C1: Text | D1: Customer_ID
A2: 2022-02-02 21:10 | B2: 252.213.204.93 | C2: blue light blocking glasses | D2: 87
A3: 2023-09-20 07:43 | B3: 171.39.3.178 | C3: mens aviator sunglasses | D3: 44
A4: 2021-11-09 12:04 | B4: 212.218.82.39 | C4: cat eye sunglasses women | D4: 41
A5: 2023-06-19 08:10 | B5: 128.244.187.107 | C5: kids prescription glasses | D5: 124
A6: 2021-12-29 02:22 | B6: 75.139.20.54 | C6: round glasses frame | D6: 215
A7: 2021-06-02 06:10 | B7: 77.147.147.5 | C7: ray ban wayfarer | D7: 115
A8: 2023-04-08 16:47 | B8: 164.206.181.64 | C8: cheap prescription glasses | D8: 6
A9: 2025-01-18 02:47 | B9: 252.36.146.170 | C9: polarized sunglasses for fishing | D9: 249
A10: 2023-04-12 17:23 | B10: 83.249.106.102 | C10: transition lenses | D10: 101
A11: 2021-09-26 16:25 | B11: 20.203.115.156 | C11: oversized sunglasses | D11: 191
A12: 2022-11-03 04:34 | B12: 52.137.92.141 | C12: tortoise shell frame glasses | D12: 127
A13: 2024-10-12 06:21 | B13: 253.121.162.230 | C13: sport sunglasses for running | D13: 200
... A484: 2021-02-02 18:02 | B484: 177.16.126.174 | C484: unisex fashion sunglasses for men and women | D484: 97

Sheet ORDERS
A1: Order_ID | B1: Date | C1: Country | D1: City | E1: Street_Name | F1: Street_Number | G1: Apartment | H1: ZIP_Code | I1: Prescription | J1: Card_Number
A2: 1 | B2: 44594 | C2: USA | D2: New York | E2: Lexington Ave | F2: 214 | G2: 3 | H2: 10016 | I2: https://uploadedpicture.com/prescription1.jpg | J2: =CREDIT_CARDS!A2 -> 2720-0475-9030-3034
A3: 2 | B3: 45189 | C3: Canada | D3: Toronto | E3: Bloor St W | F3: 334 | G3: 17 | H3: M5S1W7 | I3: https://uploadedpicture.com/prescription2.jpg | J3: =CREDIT_CARDS!A3 -> 5255-5661-7425-6777
A4: 3 | B4: 44509 | C4: UK | D4: London | E4: Baker St | F4: 221 | G4: 16 | H4: NW16XE | I4: https://uploadedpicture.com/prescription3.jpg | J4: =CREDIT_CARDS!A4 -> 5113-8721-5441-1024
A5: 4 | B5: 45096 | C5: Germany | D5: Berlin | E5: Kurfürstendamm | F5: 150 | G5: 5 | H5: 10709 | I5: https://uploadedpicture.com/prescription4.jpg | J5: =CREDIT_CARDS!A5 -> 2720-3096-9040-0965
A6: 5 | B6: 44559 | C6: France | D6: Paris | E6: Rue de Rivoli | F6: 98 | G6: 2 | H6: 75001 | I6: https://uploadedpicture.com/prescription5.jpg | J6: =CREDIT_CARDS!A6 -> 2484-0564-3023-3190
A7: 6 | B7: 44349 | C7: Italy | D7: Rome | E7: Via del Corso | F7: 75 | G7: 52 | H7: 187 | I7: https://uploadedpicture.com/prescription6.jpg | J7: =CREDIT_CARDS!A7 -> 5525-3953-4829-5246
A8: 7 | B8: 45024 | C8: USA | D8: San Francisco | E8: Market St | F8: 101 | G8: 7 | H8: 94103 | I8: https://uploadedpicture.com/prescription7.jpg | J8: =CREDIT_CARDS!A8 -> 2690-5581-2914-3564
A9: 8 | B9: 45675 | C9: Netherlands | D9: Amsterdam | E9: Keizersgracht | F9: 321 | G9: 32 | H9: 1016EJ | I9: https://uploadedpicture.com/prescription8.jpg | J9: =CREDIT_CARDS!A9 -> 5371-5229-0768-4925
A10: 9 | B10: 45028 | C10: Spain | D10: Madrid | E10: Gran Via | F10: 57 | G10: 1 | H10: 28013 | I10: https://uploadedpicture.com/prescription9.jpg | J10: =CREDIT_CARDS!A10 -> 2343-4947-4242-5348
A11: 10 | B11: 44465 | C11: Australia | D11: Sydney | E11: George St | F11: 480 | G11: 9 | H11: 2000 | I11: https://uploadedpicture.com/prescription10.jpg | J11: =CREDIT_CARDS!A11 -> 2511-2235-0417-1188
A12: 11 | B12: 44868 | C12: USA | D12: Chicago | E12: Wacker Dr | F12: 200 | G12: 6 | H12: 60606 | I12: https://uploadedpicture.com/prescription11.jpg | J12: =CREDIT_CARDS!A12 -> 2669-0481-5683-5123
A13: 12 | B13: 45577 | C13: Sweden | D13: Stockholm | E13: Drottninggatan | F13: 88 | G13: 8 | H13: 11136 | I13: https://uploadedpicture.com/prescription12.jpg | J13: =CREDIT_CARDS!A13 -> 2720-8776-6417-6423
A14: 13 | B14: 45729 | C14: Norway | D14: Oslo | E14: Karl Johans gate | F14: 55 | G14: 4 | H14: 162 | I14: https://uploadedpicture.com/prescription13.jpg | J14: =CREDIT_CARDS!A14 -> 2720-3477-2001-4612
A15: 14 | B15: 45438 | C15: Japan | D15: Tokyo | E15: Shibuya St | F15: 133 | G15: 11 | H15: 150 | I15: https://uploadedpicture.com/prescription14.jpg | J15: =CREDIT_CARDS!A15 -> 2578-7428-5997-9283
A16: 15 | B16: 45279 | C16: USA | D16: Boston | E16: Beacon St | F16: 12 | G16: 66 | H16: 2108 | I16: https://uploadedpicture.com/prescription15.jpg | J16: =CREDIT_CARDS!A16 -> 5174-6553-9288-9234
A17: 16 | B17: 45607 | C17: UK | D17: Manchester | E17: King St | F17: 45 | G17: 8 | H17: M2N6E2 | I17: https://uploadedpicture.com/prescription16.jpg | J17: =CREDIT_CARDS!A17 -> 5521-1490-7531-1047
A18: 17 | B18: 45658 | C18: Canada | D18: Vancouver | E18: Granville St | F18: 78 | G18: 21 | H18: V6B1G1 | I18: https://uploadedpicture.com/prescription17.jpg | J18: =CREDIT_CARDS!A18 -> 5193-1099-3515-3978
A19: 18 | B19: 45491 | C19: France | D19: Lyon | E19: Rue Saint Paul | F19: 16 | G19: 3 | H19: 69005 | I19: https://uploadedpicture.com/prescription18.jpg | J19: =CREDIT_CARDS!A19 -> 2677-8549-1028-8008
A20: 19 | B20: 45180 | C20: Germany | D20: Munich | E20: Leopoldstrasse | F20: 89 | G20: 102 | H20: 80331 | I20: https://uploadedpicture.com/prescription19.jpg | J20: =CREDIT_CARDS!A20 -> 5430-2290-1984-9854
A21: 20 | B21: 45567 | C21: Italy | D21: Milan | E21: Via Roma | F21: 23 | G21: 7 | H21: 20121 | I21: https://uploadedpicture.com/prescription20.jpg | J21: =CREDIT_CARDS!A21 -> 5433-1124-4366-2829
A22: 21 | B22: 45461 | C22: Spain | D22: Barcelona | E22: Carrer de Balmes | F22: 47 | G22: 55 | H22: 8007 | I22: https://uploadedpicture.com/prescription21.jpg | J22: =CREDIT_CARDS!A22 -> 5137-7730-3092-1602
A23: 22 | B23: 45783 | C23: Australia | D23: Melbourne | E23: Collins St | F23: 322 | G23: 2 | H23: 3000 | I23: https://uploadedpicture.com/prescription22.jpg | J23: =CREDIT_CARDS!A23 -> 2582-3562-0389-5287
A24: 23 | B24: 44453 | C24: USA | D24: Houston | E24: Main St | F24: 150 | G24: 4 | H24: 77002 | I24: https://uploadedpicture.com/prescription23.jpg | J24: =CREDIT_CARDS!A24 -> 2505-4125-7169-9860
A25: 24 | B25: 44655 | C25: UK | D25: Bristol | E25: Queens Rd | F25: 10 | G25: 4 | H25: BS8 1RF | I25: https://uploadedpicture.com/prescription24.jpg | J25: =CREDIT_CARDS!A25 -> 2478-8346-3989-6126
A26: 25 | B26: 45078 | C26: Canada | D26: Montreal | E26: St Catherine St | F26: 87 | G26: 280 | H26: H3B 1A7 | I26: https://uploadedpicture.com/prescription25.jpg | J26: =CREDIT_CARDS!A26 -> 2221-9700-5948-0049
A27: 26 | B27: 45490 | C27: USA | D27: Philadelphia | E27: Walnut St | F27: 37 | G27: 15 | H27: 19103 | I27: https://uploadedpicture.com/prescription26.jpg | J27: =CREDIT_CARDS!A27 -> 2637-7378-7841-7355
A28: 27 | B28: 45096 | C28: France | D28: Lille | E28: Rue Faidherbe | F28: 29 | G28: 7 | H28: 59000 | I28: https://uploadedpicture.com/prescription27.jpg | J28: =CREDIT_CARDS!A28 -> 5309-0853-5117-9864
A29: 28 | B29: 44349 | C29: Germany | D29: Hamburg | E29: Mönckebergstraße | F29: 42 | G29: 40 | H29: 20095 | I29: https://uploadedpicture.com/prescription28.jpg | J29: =CREDIT_CARDS!A29 -> 5219-8703-7043-9301
A30: 29 | B30: 45381 | C30: UK | D30: Birmingham | E30: Chester Rd | F30: 221 | G30: 4 | H30: B42 2LF | I30: https://uploadedpicture.com/prescription29.jpg | J30: =CREDIT_CARDS!A30 -> 2438-8027-5237-8478
A31: 30 | B31: 44840 | C31: Canada | D31: Montreal | E31: Saint Catherine St | F31: 56 | G31: 2 | H31: H3B 1H5 | I31: https://uploadedpicture.com/prescription30.jpg | J31: =CREDIT_CARDS!A31 -> 5559-4629-9252-9012
A32: 31 | B32: 44931 | C32: Italy | D32: Naples | E32: Via Toledo | F32: 83 | G32: 72 | H32: 80139 | I32: https://uploadedpicture.com/prescription31.jpg | J32: =CREDIT_CARDS!A32 -> 2221-4827-1617-8560
A33: 32 | B33: 44550 | C33: Spain | D33: Seville | E33: Calle Tetuán | F33: 101 | G33: 16 | H33: 41001 | I33: https://uploadedpicture.com/prescription32.jpg | J33: =CREDIT_CARDS!A33 -> 2720-7932-6049-0698
A34: 33 | B34: 45056 | C34: Netherlands | D34: Rotterdam | E34: Coolsingel | F34: 152 | G34: 5 | H34: 3011 AA | I34: https://uploadedpicture.com/prescription33.jpg | J34: =CREDIT_CARDS!A34 -> 5267-2016-8751-1221
A35: 34 | B35: 44393 | C35: USA | D35: Denver | E35: Lincoln St | F35: 78 | G35: 8 | H35: 80202 | I35: https://uploadedpicture.com/prescription34.jpg | J35: =CREDIT_CARDS!A35 -> 2720-6416-7031-1691
A36: 35 | B36: 44702 | C36: Australia | D36: Brisbane | E36: Queen St | F36: 243 | G36: 78 | H36: 4000 | I36: https://uploadedpicture.com/prescription35.jpg | J36: =CREDIT_CARDS!A36 -> 5358-4449-7474-4143
A37: 36 | B37: 45023 | C37: UK | D37: Leeds | E37: Park Row | F37: 36 | G37: 3 | H37: LS1 5HY | I37: https://uploadedpicture.com/prescription36.jpg | J37: =CREDIT_CARDS!A37 -> 5558-9652-3421-6959
A38: 37 | B38: 45227 | C38: Canada | D38: Ottawa | E38: Elgin St | F38: 54 | G38: 12 | H38: K1P 5M8 | I38: https://uploadedpicture.com/prescription37.jpg | J38: =CREDIT_CARDS!A38 -> 5225-6661-5794-7439
A39: 38 | B39: 44446 | C39: France | D39: Nice | E39: Avenue Jean Médecin | F39: 41 | G39: 6 | H39: 6000 | I39: https://uploadedpicture.com/prescription38.jpg | J39: =CREDIT_CARDS!A39 -> 5125-5566-9719-9289
A40: 39 | B40: 44584 | C40: Germany | D40: Cologne | E40: Hohe Strasse | F40: 112 | G40: 88 | H40: 50667 | I40: https://uploadedpicture.com/prescription39.jpg | J40: =CREDIT_CARDS!A40 -> 5305-7690-3843-4024
A41: 40 | B41: 45629 | C41: Italy | D41: Turin | E41: Via Garibaldi | F41: 9 | G41: 1 | H41: 10121 | I41: https://uploadedpicture.com/prescription40.jpg | J41: =CREDIT_CARDS!A41 -> 2633-8489-7409-6938
A42: 41 | B42: 44890 | C42: USA | D42: Seattle | E42: Pike St | F42: 64 | G42: 44 | H42: 98101 | I42: https://uploadedpicture.com/prescription41.jpg | J42: =CREDIT_CARDS!A42 -> 5370-5526-2839-7755
A43: 42 | B43: 45533 | C43: Spain | D43: Valencia | E43: Calle de la Paz | F43: 27 | G43: 7 | H43: 46001 | I43: https://uploadedpicture.com/prescription42.jpg | J43: =CREDIT_CARDS!A43 -> 2375-0514-3003-2298
A44: 43 | B44: 45603 | C44: Australia | D44: Perth | E44: King St | F44: 115 | G44: 52 | H44: 6000 | I44: https://uploadedpicture.com/prescription43.jpg | J44: =CREDIT_CARDS!A44 -> 2221-4382-5178-3776
A45: 44 | B45: 45126 | C45: UK | D45: Edinburgh | E45: High St | F45: 88 | G45: 2 | H45: EH1 1YZ | I45: https://uploadedpicture.com/prescription44.jpg | J45: =CREDIT_CARDS!A45 -> 5447-0787-6428-3442
A46: 45 | B46: 45145 | C46: Netherlands | D46: Utrecht | E46: Lijnbaan | F46: 39 | G46: 42 | H46: 3012 CP | I46: https://uploadedpicture.com/prescription45.jpg | J46: =CREDIT_CARDS!A46 -> 5239-5539-7224-5393
A47: 46 | B47: 45408 | C47: Canada | D47: Calgary | E47: 10th Ave | F47: 61 | G47: 10 | H47: T2P 1J9 | I47: https://uploadedpicture.com/prescription46.jpg | J47: =CREDIT_CARDS!A47 -> 5479-0453-2308-4323
A48: 47 | B48: 45509 | C48: USA | D48: Atlanta | E48: Peachtree St | F48: 122 | G48: 5 | H48: 30303 | I48: https://uploadedpicture.com/prescription47.jpg | J48: =CREDIT_CARDS!A48 -> 2530-1075-5085-4960
A49: 48 | B49: 45277 | C49: France | D49: Marseille | E49: Rue Paradis | F49: 53 | G49: 48 | H49: 13090 | I49: https://uploadedpicture.com/prescription48.jpg | J49: =CREDIT_CARDS!A49 -> 2221-7788-9529-9022
A50: 49 | B50: 44831 | C50: Germany | D50: Stuttgart | E50: Königstrasse | F50: 17 | G50: 9 | H50: 70173 | I50: https://uploadedpicture.com/prescription49.jpg | J50: =CREDIT_CARDS!A50 -> 5250-1837-8687-8587
A51: 50 | B51: 45363 | C51: UK | D51: Manchester | E51: King St | F51: 87 | G51: 3 | H51: M3C 1N2 | I51: https://uploadedpicture.com/prescription50.jpg | J51: =CREDIT_CARDS!A51 -> 5397-0402-4567-6719
A52: 51 | B52: 45579 | C52: Canada | D52: Toronto | E52: Bloor St | F52: 134 | G52: 71 | H52: M5V 2T6 | I52: https://uploadedpicture.com/prescription51.jpg | J52: =CREDIT_CARDS!A52 -> 5157-4849-3011-2699
A53: 52 | B53: 45279 | C53: Germany | D53: Berlin | E53: Kurfürstendamm | F53: 23 | G53: 7 | H53: 10719 | I53: https://uploadedpicture.com/prescription52.jpg | J53: =CREDIT_CARDS!A53 -> 2573-1143-6344-0654
A54: 53 | B54: 44382 | C54: USA | D54: Houston | E54: Westheimer Rd | F54: 411 | G54: 73 | H54: 77006 | I54: https://uploadedpicture.com/prescription53.jpg | J54: =CREDIT_CARDS!A54 -> 2221-9301-1627-5071
A55: 54 | B55: 44558 | C55: France | D55: Lyon | E55: Rue de la République | F55: 92 | G55: 5 | H55: 69002 | I55: https://uploadedpicture.com/prescription54.jpg | J55: =CREDIT_CARDS!A55 -> 5542-3745-3066-4781
A56: 55 | B56: 45066 | C56: Italy | D56: Milan | E56: Via Roma | F56: 65 | G56: 92 | H56: 20121 | I56: https://uploadedpicture.com/prescription55.jpg | J56: =CREDIT_CARDS!A56 -> 2515-9015-3707-4729
A57: 56 | B57: 45011 | C57: Spain | D57: Madrid | E57: Gran Vía | F57: 112 | G57: 8 | H57: 28013 | I57: https://uploadedpicture.com/prescription56.jpg | J57: =CREDIT_CARDS!A57 -> 2720-0451-7214-4792
A58: 57 | B58: 44623 | C58: Netherlands | D58: Amsterdam | E58: Prinsengracht | F58: 57 | G58: 16 | H58: 1015 CJ | I58: https://uploadedpicture.com/prescription57.jpg | J58: =CREDIT_CARDS!A58 -> 5599-3369-2233-1529
A59: 58 | B59: 45310 | C59: Australia | D59: Melbourne | E59: Collins St | F59: 198 | G59: 1 | H59: 3000 | I59: https://uploadedpicture.com/prescription58.jpg | J59: =CREDIT_CARDS!A59 -> 5173-8630-3960-2660
A60: 59 | B60: 44894 | C60: UK | D60: Bristol | E60: Queens Rd | F60: 63 | G60: 33 | H60: BS1 4ST | I60: https://uploadedpicture.com/prescription59.jpg | J60: =CREDIT_CARDS!A60 -> 2667-7347-2944-1760
A61: 60 | B61: 45011 | C61: Canada | D61: Vancouver | E61: Granville St | F61: 37 | G61: 2 | H61: V6B 1V4 | I61: https://uploadedpicture.com/prescription60.jpg | J61: =CREDIT_CARDS!A61 -> 5274-1754-4087-4616
A62: 61 | B62: 44529 | C62: USA | D62: Phoenix | E62: Central Ave | F62: 245 | G62: 35 | H62: 85004 | I62: https://uploadedpicture.com/prescription61.jpg | J62: =CREDIT_CARDS!A62 -> 5591-6336-8831-6134
A63: 62 | B63: 44563 | C63: France | D63: Paris | E63: Rue Lafayette | F63: 84 | G63: 6 | H63: 75010 | I63: https://uploadedpicture.com/prescription62.jpg | J63: =CREDIT_CARDS!A63 -> 2720-1290-9234-8939
A64: 63 | B64: 45531 | C64: Germany | D64: Munich | E64: Leopoldstrasse | F64: 101 | G64: 47 | H64: 80331 | I64: https://uploadedpicture.com/prescription63.jpg | J64: =CREDIT_CARDS!A64 -> 5566-3743-9801-3486
A65: 64 | B65: 44745 | C65: Italy | D65: Florence | E65: Via dei Calzaiuoli | F65: 28 | G65: 4 | H65: 50123 | I65: https://uploadedpicture.com/prescription64.jpg | J65: =CREDIT_CARDS!A65 -> 2221-8374-4311-2309
A66: 65 | B66: 45530 | C66: Spain | D66: Barcelona | E66: Calle Gran Via | F66: 73 | G66: 11 | H66: 28013 | I66: https://uploadedpicture.com/prescription65.jpg | J66: =CREDIT_CARDS!A66 -> 5158-6450-6214-1644
A67: 66 | B67: 45489 | C67: Australia | D67: Sydney | E67: George St | F67: 109 | G67: 3 | H67: 2000 | I67: https://uploadedpicture.com/prescription66.jpg | J67: =CREDIT_CARDS!A67 -> 5305-9367-3807-1410
A68: 67 | B68: 44903 | C68: UK | D68: Oxford | E68: High St | F68: 56 | G68: 48 | H68: OX1 2JD | I68: https://uploadedpicture.com/prescription67.jpg | J68: =CREDIT_CARDS!A68 -> 5215-9553-4962-8953
A69: 68 | B69: 45338 | C69: Canada | D69: Montreal | E69: Sherbrooke St | F69: 74 | G69: 7 | H69: H3A 2R5 | I69: https://uploadedpicture.com/prescription68.jpg | J69: =CREDIT_CARDS!A69 -> 5122-7481-9566-9862
A70: 69 | B70: 45120 | C70: USA | D70: Dallas | E70: Main St | F70: 98 | G70: 77 | H70: 75201 | I70: https://uploadedpicture.com/prescription69.jpg | J70: =CREDIT_CARDS!A70 -> 5590-0045-8145-8475
A71: 70 | B71: 45697 | C71: France | D71: Marseille | E71: Rue de la Paix | F71: 55 | G71: 5 | H71: 13001 | I71: https://uploadedpicture.com/prescription70.jpg | J71: =CREDIT_CARDS!A71 -> 2338-9892-8901-9419
A72: 71 | B72: 45576 | C72: Germany | D72: Frankfurt | E72: Zeil | F72: 128 | G72: 10 | H72: 60311 | I72: https://uploadedpicture.com/prescription71.jpg | J72: =CREDIT_CARDS!A72 -> 5443-3039-8838-6290
A73: 72 | B73: 45065 | C73: Italy | D73: Venice | E73: Calle Larga | F73: 44 | G73: 2 | H73: 30100 | I73: https://uploadedpicture.com/prescription72.jpg | J73: =CREDIT_CARDS!A73 -> 5101-7625-9079-8759
A74: 73 | B74: 45220 | C74: Spain | D74: Valencia | E74: Calle Colon | F74: 86 | G74: 66 | H74: 46001 | I74: https://uploadedpicture.com/prescription73.jpg | J74: =CREDIT_CARDS!A74 -> 5214-6946-0893-6259
A75: 74 | B75: 44448 | C75: USA | D75: Seattle | E75: Pine St | F75: 2 | G75: 61 | H75: 98101 | I75: https://uploadedpicture.com/prescription74.jpg | J75: =CREDIT_CARDS!A75 -> 5517-1126-7198-4357
A76: 75 | B76: 45820 | C76: France | D76: Nice | E76: Avenue Jean Médecin | F76: 15 | G76: 4 | H76: 6000 | I76: https://uploadedpicture.com/prescription75.jpg | J76: =CREDIT_CARDS!A76 -> 2639-8322-4001-3434
A77: 76 | B77: 45731 | C77: Canada | D77: Montreal | E77: Saint Catherine St | F77: 180 | G77: 69 | H77: H3B 1A7 | I77: https://uploadedpicture.com/prescription76.jpg | J77: =CREDIT_CARDS!A77 -> 5361-1390-5257-2268
A78: 77 | B78: 45768 | C78: Germany | D78: Cologne | E78: Hohe Strasse | F78: 36 | G78: 9 | H78: 50667 | I78: https://uploadedpicture.com/prescription77.jpg | J78: =CREDIT_CARDS!A78 -> 2221-9321-5485-1672
A79: 78 | B79: 45782 | C79: Italy | D79: Naples | E79: Via Toledo | F79: 27 | G79: 88 | H79: 80131 | I79: https://uploadedpicture.com/prescription78.jpg | J79: =CREDIT_CARDS!A79 -> 2698-6654-2035-7512
A80: 79 | B80: 45716 | C80: Spain | D80: Valencia | E80: Calle Betis | F80: 94 | G80: 6 | H80: 41001 | I80: https://uploadedpicture.com/prescription79.jpg | J80: =CREDIT_CARDS!A80 -> 5145-3002-4788-9461
A81: 80 | B81: 45666 | C81: UK | D81: Cambridge | E81: King’s Parade | F81: 8 | G81: 17 | H81: CB2 1TN | I81: https://uploadedpicture.com/prescription80.jpg | J81: =CREDIT_CARDS!A81 -> 2419-3902-9355-2119
A82: 81 | B82: 45745 | C82: Netherlands | D82: Rotterdam | E82: Lijnbaan | F82: 49 | G82: 3 | H82: 3012 AA | I82: https://uploadedpicture.com/prescription81.jpg | J82: =CREDIT_CARDS!A82 -> 2545-5447-1337-3590
A83: 82 | B83: 45816 | C83: Australia | D83: Brisbane | E83: Queen St | F83: 101 | G83: 12 | H83: 4000 | I83: https://uploadedpicture.com/prescription82.jpg | J83: =CREDIT_CARDS!A83 -> 5240-3710-1160-9298
A84: 83 | B84: 45710 | C84: USA | D84: Portland | E84: Division St | F84: 73 | G84: 5 | H84: 97209 | I84: https://uploadedpicture.com/prescription83.jpg | J84: =CREDIT_CARDS!A84 -> 2519-7339-4232-0579
A85: 84 | B85: 45756 | C85: France | D85: Lille | E85: Rue de la Liberté | F85: 60 | G85: 36 | H85: 59000 | I85: https://uploadedpicture.com/prescription84.jpg | J85: =CREDIT_CARDS!A85 -> 2678-8408-8295-5350
A86: 85 | B86: 45687 | C86: Canada | D86: Ottawa | E86: Wellington St | F86: 27 | G86: 7 | H86: K1P 5E4 | I86: https://uploadedpicture.com/prescription85.jpg | J86: =CREDIT_CARDS!A86 -> 5184-3838-1979-1200
A87: 86 | B87: 45804 | C87: Germany | D87: Hamburg | E87: Mönckebergstrasse | F87: 12 | G87: 76 | H87: 20095 | I87: https://uploadedpicture.com/prescription86.jpg | J87: =CREDIT_CARDS!A87 -> 2385-0447-4504-4510
A88: 87 | B88: 45717 | C88: Italy | D88: Turin | E88: Via Garibaldi | F88: 55 | G88: 8 | H88: 10121 | I88: https://uploadedpicture.com/prescription87.jpg | J88: =CREDIT_CARDS!A88 -> 2413-6242-6530-1972
A89: 88 | B89: 45812 | C89: Spain | D89: Seville | E89: Calle San Fernando | F89: 29 | G89: 25 | H89: 41001 | I89: https://uploadedpicture.com/prescription88.jpg | J89: =CREDIT_CARDS!A89 -> 2397-0183-7825-8791
A90: 89 | B90: 45772 | C90: UK | D90: Brighton | E90: Churchill Sq | F90: 7 | G90: 2 | H90: BN1 1EE | I90: https://uploadedpicture.com/prescription89.jpg | J90: =CREDIT_CARDS!A90 -> 5155-8987-5936-6296
A91: 90 | B91: 45791 | C91: Netherlands | D91: Utrecht | E91: Oude Binnenweg | F91: 34 | G91: 55 | H91: 3011 CR | I91: https://uploadedpicture.com/prescription90.jpg | J91: =CREDIT_CARDS!A91 -> 5233-6582-6604-7912
A92: 91 | B92: 45693 | C92: Australia | D92: Perth | E92: Hay St | F92: 88 | G92: 1 | H92: 6000 | I92: https://uploadedpicture.com/prescription91.jpg | J92: =CREDIT_CARDS!A92 -> 5599-2048-9081-4662
A93: 92 | B93: 45735 | C93: USA | D93: Denver | E93: Broadway | F93: 120 | G93: 103 | H93: 80202 | I93: https://uploadedpicture.com/prescription92.jpg | J93: =CREDIT_CARDS!A93 -> 2527-6716-8906-8144
A94: 93 | B94: 45669 | C94: France | D94: Toulouse | E94: Rue Alsace Lorraine | F94: 41 | G94: 3 | H94: 31000 | I94: https://uploadedpicture.com/prescription93.jpg | J94: =CREDIT_CARDS!A94 -> 5143-2546-6467-6137
A95: 94 | B95: 45765 | C95: Canada | D95: Edmonton | E95: Whyte Ave | F95: 66 | G95: 178 | H95: T5J 0N3 | I95: https://uploadedpicture.com/prescription94.jpg | J95: =CREDIT_CARDS!A95 -> 5577-7234-2458-9090
A96: 95 | B96: 45699 | C96: Germany | D96: Stuttgart | E96: Königstrasse | F96: 14 | G96: 4 | H96: 70173 | I96: https://uploadedpicture.com/prescription95.jpg | J96: =CREDIT_CARDS!A96 -> 2221-2391-0336-0593
A97: 96 | B97: 45739 | C97: Italy | D97: Verona | E97: Corso Porta Nuova | F97: 43 | G97: 4 | H97: 37138 | I97: https://uploadedpicture.com/prescription96.jpg | J97: =CREDIT_CARDS!A97 -> 5295-3673-0389-2786
A98: 97 | B98: 45797 | C98: Spain | D98: Bilbao | E98: Calle Gran Via | F98: 58 | G98: 5 | H98: 48005 | I98: https://uploadedpicture.com/prescription97.jpg | J98: =CREDIT_CARDS!A98 -> 2720-0316-0660-4718
A99: 98 | B99: 45815 | C99: USA | D99: Portland | E99: Madison Ave | F99: 25 | G99: 52 | H99: 41125 | I99: https://uploadedpicture.com/prescription98.jpg | J99: =CREDIT_CARDS!A99 -> 5130-5417-3121-4305
A100: 99 | B100: 45685 | C100: Germany | D100: Frankfurt | E100: Zeil | F100: 24 | G100: 4 | H100: 34212 | I100: https://uploadedpicture.com/prescription99.jpg | J100: =CREDIT_CARDS!A100 -> 2221-6976-6785-6480
...

Sheet PRODUCTS
A1: Product_ID | B1: Name | C1: Description | D1: Rating | E1: Price
A2: 1 | B2: The Gemstone | C2: Top Frame in blue camo pattern. | D2: =AVERAGEIF(REVIEWS!G:G, A2, REVIEWS!E:E) -> 3.4 | E2: 25
A3: 2 | B3: The Black | C3: A top frame for those who wants to stay classy. | D3: =AVERAGEIF(REVIEWS!G:G, A3, REVIEWS!E:E) -> 1 | E3: 30
A4: 3 | B4: The Navy | C4: A top frame for true lovers of the sea. | D4: =AVERAGEIF(REVIEWS!G:G, A4, REVIEWS!E:E) -> 3.6666667 | E4: 28
A5: 4 | B5: Glasses Case | C5: Our protective glasses case will make you feel safer. | D5: =AVERAGEIF(REVIEWS!G:G, A5, REVIEWS!E:E) -> 4 | E5: 20
A6: 5 | B6: The Kirby | C6: This medium rectangle frame is stylish and timeless. | D6: =AVERAGEIF(REVIEWS!G:G, A6, REVIEWS!E:E) -> 2.6666667 | E6: 70
A7: 6 | B7: The Larkin | C7: This narrow, modified rectangle frame is a fan-favorite. | D7: =AVERAGEIF(REVIEWS!G:G, A7, REVIEWS!E:E) -> 1 | E7: 70
A8: 7 | B8: The Murphy | C8: This wide frame has an oversized, new-fashioned feel. | D8: =AVERAGEIF(REVIEWS!G:G, A8, REVIEWS!E:E) -> 2 | E8: 70
A9: 8 | B9: The Finley | C9: This narrow frame is extremely versatile and effortlessly cool. | D9: =AVERAGEIF(REVIEWS!G:G, A9, REVIEWS!E:E) -> 3 | E9: 70
A10: 9 | B10: The Falcon | C10: Blue-tinted top frame with a sleek design. | D10: =AVERAGEIF(REVIEWS!G:G, A10, REVIEWS!E:E) -> 3.5 | E10: 65
A11: 10 | B11: The Orion | C11: A timeless frame with subtle detailing. | D11: =AVERAGEIF(REVIEWS!G:G, A11, REVIEWS!E:E) -> 2 | E11: 60
A12: 11 | B12: The Voyager | C12: Durable frame for the adventurous spirit. | D12: =AVERAGEIF(REVIEWS!G:G, A12, REVIEWS!E:E) -> 5 | E12: 75
A13: 12 | B13: The Eclipse | C13: Modern frame with a matte finish. | D13: =AVERAGEIF(REVIEWS!G:G, A13, REVIEWS!E:E) -> 2.6666667 | E13: 70
... A135: 134 | B135: The Zenithal | C135: Highest peak design with sharp angles. | D135: =AVERAGEIF(REVIEWS!G:G, A135, REVIEWS!E:E) -> 2.6666667 | E135: 84

Sheet SEARCHES_FOR_PRODUCTS
A1: Product_ID | B1: DT | C1: IP_Address
A2: 25 | B2: =SEARCHES!A2 -> 2022-02-02 21:10 | C2: =SEARCHES!B2 -> 252.213.204.93
A3: 30 | B3: =SEARCHES!A3 -> 2023-09-20 07:43 | C3: =SEARCHES!B3 -> 171.39.3.178
A4: 35 | B4: =SEARCHES!A4 -> 2021-11-09 12:04 | C4: =SEARCHES!B4 -> 212.218.82.39
A5: 22 | B5: =SEARCHES!A5 -> 2023-06-19 08:10 | C5: =SEARCHES!B5 -> 128.244.187.107
A6: 74 | B6: =SEARCHES!A6 -> 2021-12-29 02:22 | C6: =SEARCHES!B6 -> 75.139.20.54
A7: 122 | B7: =SEARCHES!A7 -> 2021-06-02 06:10 | C7: =SEARCHES!B7 -> 77.147.147.5
A8: 15 | B8: =SEARCHES!A8 -> 2023-04-08 16:47 | C8: =SEARCHES!B8 -> 164.206.181.64
A9: 97 | B9: =SEARCHES!A9 -> 2025-01-18 02:47 | C9: =SEARCHES!B9 -> 252.36.146.170
A10: 64 | B10: =SEARCHES!A10 -> 2023-04-12 17:23 | C10: =SEARCHES!B10 -> 83.249.106.102
A11: 89 | B11: =SEARCHES!A11 -> 2021-09-26 16:25 | C11: =SEARCHES!B11 -> 20.203.115.156
A12: 39 | B12: =SEARCHES!A12 -> 2022-11-03 04:34 | C12: =SEARCHES!B12 -> 52.137.92.141
A13: 87 | B13: =SEARCHES!A13 -> 2024-10-12 06:21 | C13: =SEARCHES!B13 -> 253.121.162.230
... A345: 121 | B345: =SEARCHES!A345 -> 2020-03-19 12:51 | C345: =SEARCHES!B345 -> 79.60.219.96

Sheet ORDERABLE_PRODUCTS
A1: Product_ID
A2: 1
A3: 2
A4: 3
A5: 4
A6: 9
A7: 17
A8: 18
A9: 19
A10: 21
A11: 26
A12: 36
A13: 52
... A47: 133

Sheet COLORS
A1: Color
A2: Black
A3: White
A4: Red
A5: Blue
A6: Green
A7: Yellow
A8: Orange
A9: Purple
A10: Brown
A11: Gray
A12: Pink
... A52: Chocolate

Sheet TOP_FRAMES
A1: Product_ID | B1: Color | C1: Design
A2: 1 | B2: Black | C2: Classic
A3: 2 | B3: White | C3: Minimalist
A4: 3 | B4: Red | C4: Vibrant
A5: 9 | B5: Blue | C5: Oceanic
A6: 21 | B6: Green | C6: Forest
A7: 96 | B7: Yellow | C7: Sunny
A8: 97 | B8: Orange | C8: Bold
A9: 98 | B9: Purple | C9: Regal
A10: 99 | B10: Brown | C10: Rustic
A11: 100 | B11: Gray | C11: Modern
A12: 110 | B12: Pink | C12: Playful
A13: 111 | B13: Navy Blue | C13: Nautical
... A35: 133 | B35: Burgundy | C35: Rich

Sheet ORDERED
A1: Product_ID | B1: Order_ID | C1: Units
A2: 4 | B2: 1 | C2: 3
A3: 17 | B3: 2 | C3: 1
A4: 26 | B4: 2 | C4: 4
A5: 52 | B5: 3 | C5: 2
A6: 74 | B6: 3 | C6: 1
A7: 96 | B7: 4 | C7: 5
A8: 110 | B8: 5 | C8: 2
A9: 117 | B9: 5 | C9: 3
A10: 21 | B10: 6 | C10: 1
A11: 18 | B11: 6 | C11: 4
A12: 133 | B12: 7 | C12: 1
A13: 67 | B13: 7 | C13: 2
... A880: 36 | B880: 447 | C880: 1

Sheet BASE_FRAMES
A1: Product_ID | B1: Size | C1: Shape | D1: Gender
A2: 5 | B2: Extra Narrow | C2: Rectangular | D2: F
A3: 6 | B3: Narrow | C3: Rectangular | D3: F
A4: 7 | B4: Medium | C4: Rectangular | D4: M
A5: 8 | B5: Wide | C5: Rectangular | D5: M
A6: 10 | B6: Medium | C6: Rectangular | D6: M
A7: 11 | B7: Medium | C7: Rectangular | D7: M
A8: 12 | B8: Narrow | C8: Rectangular | D8: M
A9: 13 | B9: Medium | C9: Rectangular | D9: F
A10: 14 | B10: Wide | C10: Rectangular | D10: F
A11: 15 | B11: Extra Wide | C11: Rectangular | D11: M
A12: 16 | B12: Extra Narrow | C12: Rectangular | D12: M
A13: 20 | B13: Narrow | C13: Rectangular | D13: M
... A89: 134 | B89: Medium | C89: Round | D89: F

Sheet VERSIONS
A1: Product_ID | B1: Version | C1: Description
A2: 5 | B2: 1 | C2: Material: Metal, Lens Color: Black
A3: 5 | B3: 2 | C3: Material: Acetate, Lens Color: Brown
A4: 5 | B4: 3 | C4: Material: Metal, Lenses: Single Vision, Lens Type: Premium, Lenses: Blue-Light Filtering
A5: 6 | B5: 1 | C5: Material: Acetate, Lenses: Progressive Lenses, Lens Type: Plus
A6: 6 | B6: 2 | C6: Material: Metal, Lenses: Readers, Lens Type: Standard
A7: 6 | B7: 3 | C7: Material: Acetate, Lenses: Non-Prescription, Lens Type: Premium
A8: 7 | B8: 1 | C8: Material: Metal, Lenses: Single Vision, Lens Type: Standard, Lenses: Light Responsive
A9: 7 | B9: 2 | C9: Material: Acetate, Lenses: Progressive Lenses, Lens Type: Plus
A10: 7 | B10: 3 | C10: Material: Material: Metal, Lenses: Readers, Lens Type: Standard
A11: 8 | B11: 1 | C11: Material: Acetate, Lenses: Single Vision, Lens Type: Plus, Lenses: Blue-Light Filtering
A12: 8 | B12: 2 | C12: Material: Metal, Lenses: Progressive Lenses, Lens Type: Premium
A13: 8 | B13: 3 | C13: Material: Acetate, Lenses: Readers, Lens Type: Plus
... A265: 134 | B265: 3 | C265: Material: Metal, Lens Color: Black

Sheet CUSTOMIZATIONS
A1: Feature | B1: Selection | C1: Extra_Price
A2: Material | B2: Metal | C2: 0
A3: Material | B3: Acetate | C3: 0
A4: Lenses | B4: Single Vision | C4: 0
A5: Lenses | B5: Progressive Lenses | C5: 199
A6: Lenses | B6: Readers | C6: 0
A7: Lenses | B7: Non-Prescription | C7: 0
A8: Lens Type | B8: Premium | C8: 59
A9: Lens Type | B9: Plus | C9: 39
A10: Lens Type | B10: Standard | C10: 0
A11: Lenses | B11: Blue-Light Filtering | C11: 49
A12: Lenses | B12: Light Responsive | C12: 149
A13: Lens Color | B13: Black | C13: 0
A14: Lens Color | B14: Brown | C14: 0

Sheet GLASSES_ORDERED
A1: Product_ID | B1: Version | C1: Order_ID | D1: Units
A2: 5 | B2: 1 | C2: 1 | D2: 1
A3: 5 | B3: 2 | C3: 2 | D3: 1
A4: 5 | B4: 3 | C4: 2 | D4: 1
A5: 6 | B5: 1 | C5: 3 | D5: 2
A6: 6 | B6: 2 | C6: 3 | D6: 1
A7: 6 | B7: 3 | C7: 4 | D7: 5
A8: 7 | B8: 1 | C8: 5 | D8: 2
A9: 7 | B9: 2 | C9: 5 | D9: 3
A10: 7 | B10: 3 | C10: 6 | D10: 1
A11: 8 | B11: 1 | C11: 6 | D11: 2
A12: 8 | B12: 2 | C12: 7 | D12: 1
A13: 8 | B13: 3 | C13: 7 | D13: 2
... A880: 40 | B880: 3 | C880: 447 | D880: 2

Sheet SELECTED
A1: Product_ID | B1: Version | C1: Feature | D1: Selection
A2: 5 | B2: 1 | C2: Material | D2: Metal
A3: 5 | B3: 1 | C3: Lens Color | D3: Black
A4: 5 | B4: 2 | C4: Material | D4: Acetate
A5: 5 | B5: 2 | C5: Lens Color | D5: Brown
A6: 5 | B6: 3 | C6: Material | D6: Metal
A7: 5 | B7: 3 | C7: Lenses | D7: Single Vision
A8: 5 | B8: 3 | C8: Lens Type | D8: Premium
A9: 6 | B9: 1 | C9: Material | D9: Acetate
A10: 6 | B10: 1 | C10: Lenses | D10: Progressive Lenses
A11: 6 | B11: 2 | C11: Lens Type | D11: Plus
A12: 6 | B12: 2 | C12: Material | D12: Metal
A13: 6 | B13: 3 | C13: Lenses | D13: Readers
... A823: 134 | B823: 3 | C823: Material | D823: Metal

Sheet REVIEWS
A1: Review_ID | B1: Date | C1: Headline | D1: Text | E1: Rating | F1: Customer_ID | G1: Product_ID
A2: 1 | B2: 43914 | C2: Waste of money. | D2: Seriously disappointed. It felt cheap and didn't last. Don't waste your money. | E2: 1 | F2: 37 | G2: 2
A3: 2 | B3: 43980 | C3: So comfortable! | D3: I'm really happy with this item. It's exactly as described and works perfectly. | E3: 5 | F3: 24 | G3: 23
A4: 3 | B4: 44683 | C4: Exceeded my expectations. | D4: Initially, I was skeptical, but this has proven to be a really good investment. | E4: 3 | F4: 93 | G4: 99
A5: 4 | B5: 43598 | C5: Waste of money. | D5: Seriously disappointed. It felt cheap and didn't last. Don't waste your money. | E5: 2 | F5: 241 | G5: 105
A6: 5 | B6: 45334 | C6: Decent, but nothing special. | D6: This product didn't meet my expectations. The quality is subpar and it broke after a week. | E6: 5 | F6: 46 | G6: 30
A7: 6 | B7: 46012 | C7: Easy to use. | D7: I'm really happy with this item. It's exactly as described and works perfectly. | E7: 2 | F7: 181 | G7: 17
A8: 7 | B8: 43682 | C8: Fantastic quality for the price. | D8: Absolutely fantastic! I can't believe how good this is. Highly recommend to everyone. | E8: 3 | F8: 95 | G8: 113
A9: 8 | B9: 44044 | C9: Love the design. | D9: Fairly standard. There are better options out there if you're willing to pay more. | E9: 3 | F9: 99 | G9: 62
A10: 9 | B10: 44597 | C10: Fantastic quality for the price. | D10: I've been using it daily and it's holding up well. Very satisfied with my purchase. | E10: 3 | F10: 188 | G10: 84
A11: 10 | B11: 44026 | C11: Just what I needed. | D11: Absolutely fantastic! I can't believe how good this is. Highly recommend to everyone. | E11: 5 | F11: 225 | G11: 112
A12: 11 | B12: 43806 | C12: Perfect fit. | D12: Seriously disappointed. It felt cheap and didn't last. Don't waste your money. | E12: 4 | F12: 116 | G12: 86
A13: 12 | B13: 45204 | C13: Worth every penny! | D13: I'm really happy with this item. It's exactly as described and works perfectly. | E13: 3 | F13: 191 | G13: 19
... A312: 311 | B312: 43839 | C312: Not bad, could be better. | D312: This product didn't meet my expectations. The quality is subpar and it broke after a week. | E312: 2 | F312: 237 | G312: 79
